 2021-11-26 15:29:35 +0000,	refs/remotes/origin/ROC-9290
 2021-11-09 10:00:49 +0000,	refs/remotes/origin/civ-512
 2021-08-02 15:31:44 +0000,	refs/remotes/origin/dependabot/npm_and_yarn/file-type-16.5.2
 2021-08-02 15:31:42 +0000,	refs/remotes/origin/dependabot/npm_and_yarn/types/nunjucks-3.1.5
 2021-08-02 15:31:41 +0000,	refs/remotes/origin/dependabot/npm_and_yarn/types/node-16.4.10
 2021-08-02 15:31:37 +0000,	refs/remotes/origin/dependabot/npm_and_yarn/types/mocha-9.0.0
 2021-08-02 15:31:37 +0000,	refs/remotes/origin/dependabot/npm_and_yarn/i18next-20.3.5
 2021-08-02 15:31:37 +0000,	refs/remotes/origin/dependabot/npm_and_yarn/config-3.3.6
 2021-08-02 15:31:36 +0000,	refs/remotes/origin/dependabot/npm_and_yarn/sinon-11.1.2
 2021-08-02 15:31:34 +0000,	refs/remotes/origin/dependabot/npm_and_yarn/husky-7.0.1
 2021-05-28 12:45:12 +0100,	refs/remotes/origin/dummy-branch
 2021-05-24 15:10:48 +0000,	refs/remotes/origin/RDM-12454-bumping-ccd-ver-1.10.07
 2021-04-28 22:04:53 +0000,	refs/remotes/origin/dependabot/add-v2-config-file
 2021-04-16 12:48:15 +0100,	refs/remotes/origin/pbs_v2
 2021-03-24 16:16:20 +0000,	refs/remotes/origin/fix/owasp-errors
 2021-03-16 17:07:58 +0000,	refs/remotes/origin/feature/ROC-8844_case_type_change
 2021-03-02 17:56:12 +0000,	refs/remotes/origin/fix/sec-vul
 2021-02-10 14:10:09 +0000,	refs/remotes/origin/fix/upgrade_base_helm_charts_to_latest
 2021-02-09 17:29:47 +0000,	refs/remotes/origin/dependabot/npm_and_yarn/gulp-nodemon-2.5.0
 2020-11-03 18:37:00 +0000,	refs/remotes/origin/Fix/Payment_Failuer
 2020-11-03 16:32:21 +0000,	refs/remotes/origin/Fix/E2E_test_case
 2020-11-03 13:33:06 +0000,	refs/remotes/origin/Fix/Test_Case_Failuer
 2020-11-03 13:23:08 +0000,	refs/remotes/origin/Fix/Adding_test_Data
 2020-11-03 12:15:37 +0000,	refs/remotes/origin/Fix/Functionatest_Config2
 2020-10-29 14:07:33 +0000,	refs/remotes/origin/Fix/security-exceptions-to-audit-json
 2020-10-05 12:33:34 +0100,	refs/remotes/origin/Feature/ROC-8461_Azure_version_upgrade
 2020-07-20 18:19:32 +0100,	refs/remotes/origin/7745
 2020-07-09 00:47:12 +0100,	refs/remotes/origin/bug/ROC-7908_fix-integration-tests
 2020-07-08 01:49:39 +0100,	refs/remotes/origin/feature/ROC-7908-integration-testing
 2020-05-14 11:58:57 +0100,	refs/remotes/origin/feature/remove-deprecate-jenkins-function
 2020-03-10 15:35:19 +0000,	refs/remotes/origin/feature/update-external-name
 2019-11-18 03:44:35 +0000,	refs/remotes/origin/greenkeeper/husky-3.1.0
 2019-11-15 20:33:36 +0000,	refs/remotes/origin/greenkeeper/@types/node-12.12.8
 2019-11-13 19:05:20 +0000,	refs/remotes/origin/greenkeeper/webdriverio-5.16.7
 2019-11-12 22:12:50 +0000,	refs/remotes/origin/greenkeeper/@types/chai-4.2.5
 2019-11-11 02:44:59 +0000,	refs/remotes/origin/greenkeeper/webdriverio-5.16.6
 2019-11-09 11:03:30 +0000,	refs/remotes/origin/greenkeeper/webdriverio-5.16.5
 2019-11-09 00:29:33 +0000,	refs/remotes/origin/greenkeeper/@types/node-12.12.7
 2019-11-08 19:54:25 +0000,	refs/remotes/origin/greenkeeper/webdriverio-5.16.4
 2019-11-07 19:34:07 +0000,	refs/remotes/origin/greenkeeper/@types/config-0.0.36
 2019-11-07 16:15:18 +0000,	refs/remotes/origin/greenkeeper/webdriverio-5.16.3
 2019-11-07 10:44:57 +0000,	refs/remotes/origin/greenkeeper/i18next-conv-9.2.0
 2019-11-06 21:24:08 +0000,	refs/remotes/origin/greenkeeper/webdriverio-5.16.2
 2019-11-05 21:18:14 +0000,	refs/remotes/origin/greenkeeper/@types/node-12.12.6
 2019-11-05 20:34:15 +0000,	refs/remotes/origin/greenkeeper/webdriverio-5.16.0
 2019-11-01 18:45:47 +0000,	refs/remotes/origin/greenkeeper/@types/node-12.12.5
 2019-11-01 18:14:07 +0000,	refs/remotes/origin/greenkeeper/@types/express-pin-4.17.1
 2019-11-01 18:10:58 +0000,	refs/remotes/origin/greenkeeper/@types/express-4.17.2
 2019-11-01 16:44:47 +0000,	refs/remotes/origin/greenkeeper/@types/node-12.12.4
 2019-10-31 18:31:58 +0000,	refs/remotes/origin/greenkeeper/file-type-12.4.0
 2019-10-31 17:10:51 +0000,	refs/remotes/origin/greenkeeper/nock-11.7.0
 2019-10-30 17:24:24 +0000,	refs/remotes/origin/greenkeeper/@types/node-12.12.3
 2019-10-30 16:20:55 +0000,	refs/remotes/origin/greenkeeper/@types/node-12.12.2
 2019-10-30 14:50:56 +0000,	refs/remotes/origin/greenkeeper/@types/node-12.12.1
 2019-10-30 04:01:06 +0000,	refs/remotes/origin/greenkeeper/webdriverio-5.15.6
 2019-10-30 03:56:45 +0000,	refs/remotes/origin/greenkeeper/webdriverio-5.15.5
 2019-10-30 00:13:46 +0000,	refs/remotes/origin/greenkeeper/@types/node-12.12.0
 2019-10-29 15:55:45 +0000,	refs/remotes/origin/greenkeeper/i18next-19.0.0
 2019-10-26 08:57:09 +0000,	refs/remotes/origin/greenkeeper/i18next-18.0.1
 2019-10-25 14:03:28 +0000,	refs/remotes/origin/greenkeeper/webdriverio-5.15.4
 2019-10-25 09:42:34 +0000,	refs/remotes/origin/greenkeeper/webdriverio-5.15.3
 2019-10-24 18:02:41 +0000,	refs/remotes/origin/greenkeeper/@types/node-12.11.7
 2019-10-24 15:25:26 +0000,	refs/remotes/origin/greenkeeper/i18next-18.0.0
 2019-10-24 09:15:53 +0000,	refs/remotes/origin/greenkeeper/nock-11.6.0
 2019-10-24 07:30:56 +0000,	refs/remotes/origin/greenkeeper/i18next-17.3.1
 2019-10-23 22:58:22 +0000,	refs/remotes/origin/greenkeeper/@types/node-12.11.6
 2019-10-22 22:59:43 +0000,	refs/remotes/origin/greenkeeper/@types/node-12.11.5
 2019-10-22 21:58:19 +0000,	refs/remotes/origin/greenkeeper/@types/node-12.11.4
 2019-10-22 21:28:45 +0000,	refs/remotes/origin/greenkeeper/@types/chai-4.2.4
 2019-10-22 20:45:39 +0000,	refs/remotes/origin/greenkeeper/@types/node-12.11.3
 2019-10-22 11:31:56 +0000,	refs/remotes/origin/greenkeeper/nock-11.5.0
 2019-10-22 05:24:16 +0000,	refs/remotes/origin/greenkeeper/helmet-3.21.2
 2019-10-21 18:56:39 +0000,	refs/remotes/origin/greenkeeper/codeceptjs-2.3.4
 2019-10-21 16:35:49 +0000,	refs/remotes/origin/greenkeeper/@types/node-12.11.2
 2019-10-21 09:36:51 +0000,	refs/remotes/origin/greenkeeper/i18next-17.3.0
 2019-10-21 07:54:51 +0000,	refs/remotes/origin/greenkeeper/webdriverio-5.15.2
 2019-10-18 21:40:46 +0000,	refs/remotes/origin/greenkeeper/mocha-6.2.2
 2019-10-16 17:16:38 +0000,	refs/remotes/origin/greenkeeper/webdriverio-5.15.1
 2019-10-16 00:36:49 +0000,	refs/remotes/origin/greenkeeper/@types/node-12.11.1
 2019-10-15 22:03:24 +0000,	refs/remotes/origin/greenkeeper/@types/node-12.11.0
 2019-10-15 19:15:53 +0000,	refs/remotes/origin/greenkeeper/codeceptjs-2.3.3
 2019-10-13 01:05:05 +0000,	refs/remotes/origin/greenkeeper/husky-3.0.9
 2019-10-11 13:01:07 +0000,	refs/remotes/origin/greenkeeper/i18next-17.2.0
 2019-10-11 08:48:24 +0000,	refs/remotes/origin/greenkeeper/webdriverio-5.15.0
 2019-10-09 13:59:14 +0000,	refs/remotes/origin/greenkeeper/i18next-17.1.0
 2019-10-09 12:37:51 +0000,	refs/remotes/origin/greenkeeper/webdriverio-5.14.5
 2019-10-07 23:48:47 +0000,	refs/remotes/origin/greenkeeper/nock-11.4.0
 2019-10-06 16:44:10 +0000,	refs/remotes/origin/greenkeeper/webdriverio-5.14.4
 2019-10-05 18:09:14 +0000,	refs/remotes/origin/greenkeeper/nock-11.3.6
 2019-10-03 20:57:40 +0000,	refs/remotes/origin/greenkeeper/@types/node-12.7.11
 2019-10-03 17:03:22 +0000,	refs/remotes/origin/greenkeeper/@types/node-12.7.10
 2019-10-02 16:27:58 +0000,	refs/remotes/origin/greenkeeper/cross-env-6.0.3
 2019-10-02 12:19:52 +0000,	refs/remotes/origin/greenkeeper/i18next-17.0.18
 2019-10-02 07:38:35 +0000,	refs/remotes/origin/greenkeeper/webdriverio-5.14.3
 2019-10-02 02:58:56 +0000,	refs/remotes/origin/greenkeeper/husky-3.0.8
 2019-10-02 00:58:04 +0000,	refs/remotes/origin/greenkeeper/@types/node-12.7.9
 2019-10-01 17:37:51 +0000,	refs/remotes/origin/greenkeeper/cross-env-6.0.2
 2019-10-01 17:06:16 +0000,	refs/remotes/origin/greenkeeper/cross-env-6.0.1
 2019-10-01 11:32:33 +0000,	refs/remotes/origin/greenkeeper/webdriverio-5.14.0
 2019-10-01 11:19:20 +0000,	refs/remotes/origin/greenkeeper/i18next-17.0.17
 2019-09-29 14:35:55 +0000,	refs/remotes/origin/greenkeeper/mocha-6.2.1
 2019-09-28 03:45:38 +0000,	refs/remotes/origin/greenkeeper/husky-3.0.7
 2019-09-28 02:20:06 +0000,	refs/remotes/origin/greenkeeper/husky-3.0.6
 2019-09-25 23:30:55 +0000,	refs/remotes/origin/greenkeeper/@types/node-12.7.8
 2019-09-25 08:42:49 +0000,	refs/remotes/origin/greenkeeper/webdriverio-5.13.2
 2019-09-24 23:17:46 +0000,	refs/remotes/origin/greenkeeper/@types/request-promise-native-1.0.17
 2019-09-24 21:07:28 +0000,	refs/remotes/origin/greenkeeper/@types/node-12.7.7
 2019-09-24 17:18:35 +0000,	refs/remotes/origin/greenkeeper/@types/node-12.7.6
 2019-09-24 11:54:28 +0000,	refs/remotes/origin/greenkeeper/codeceptjs-2.3.2
 2019-09-20 15:42:52 +0000,	refs/remotes/origin/greenkeeper/nock-11.3.5
 2019-09-18 08:18:11 +0000,	refs/remotes/origin/greenkeeper/webdriverio-5.13.1
 2019-09-17 11:09:55 +0000,	refs/remotes/origin/greenkeeper/i18next-17.0.16
 2019-09-17 11:04:38 +0000,	refs/remotes/origin/greenkeeper/@types/chai-4.2.3
 2019-09-16 04:33:02 +0000,	refs/remotes/origin/greenkeeper/webdriverio-5.13.0
 2019-09-15 09:04:18 +0000,	refs/remotes/origin/greenkeeper/i18next-17.0.15
 2019-09-12 20:49:05 +0000,	refs/remotes/origin/greenkeeper/nock-11.3.4
 2019-09-11 23:12:59 +0000,	refs/remotes/origin/greenkeeper/@types/nock-11.1.0
 2019-09-11 06:11:10 +0000,	refs/remotes/origin/greenkeeper/@types/node-12.7.5
 2019-09-09 13:30:47 +0000,	refs/remotes/origin/greenkeeper/@types/chai-pin-4.2.1
 2019-09-09 13:05:45 +0000,	refs/remotes/origin/greenkeeper/@types/chai-4.2.2
 2019-09-09 09:11:46 +0000,	refs/remotes/origin/greenkeeper/i18next-17.0.14
 2019-09-06 23:32:07 +0000,	refs/remotes/origin/greenkeeper/codeceptjs-2.3.1
 2019-09-05 22:57:24 +0000,	refs/remotes/origin/greenkeeper/nock-11.3.3
 2019-09-04 03:38:33 +0000,	refs/remotes/origin/greenkeeper/nock-11.3.2
 2019-09-03 18:57:05 +0000,	refs/remotes/origin/greenkeeper/@types/node-12.7.4
 2019-09-03 16:16:12 +0000,	refs/remotes/origin/greenkeeper/file-type-12.3.0
 2019-09-01 16:36:38 +0000,	refs/remotes/origin/greenkeeper/husky-3.0.5
 2019-08-30 05:26:45 +0000,	refs/remotes/origin/greenkeeper/@types/node-12.7.3
 2019-08-29 06:26:38 +0000,	refs/remotes/origin/greenkeeper/i18next-17.0.13
 2019-08-27 13:20:19 +0000,	refs/remotes/origin/greenkeeper/webdriverio-5.12.5
 2019-08-22 07:06:17 +0000,	refs/remotes/origin/greenkeeper/i18next-17.0.12
 2019-08-21 08:05:31 +0000,	refs/remotes/origin/greenkeeper/webdriverio-5.12.4
 2019-08-18 12:28:24 +0000,	refs/remotes/origin/greenkeeper/file-type-12.2.0
 2019-08-17 14:03:40 +0000,	refs/remotes/origin/greenkeeper/husky-3.0.4
 2019-08-16 22:56:34 +0000,	refs/remotes/origin/greenkeeper/mocha-multi-1.1.1
 2019-08-16 18:38:37 +0000,	refs/remotes/origin/greenkeeper/@types/lodash-4.14.137
 2019-08-15 22:49:35 +0000,	refs/remotes/origin/greenkeeper/applicationinsights-1.4.1
 2019-08-15 21:46:02 +0000,	refs/remotes/origin/greenkeeper/codeceptjs-2.3.0
 2019-08-15 00:51:31 +0000,	refs/remotes/origin/greenkeeper/@types/node-12.7.2
 2019-08-14 15:35:05 +0000,	refs/remotes/origin/greenkeeper/webdriverio-5.12.1
 2019-08-13 08:45:04 +0000,	refs/remotes/origin/greenkeeper/webdriverio-5.12.0
 2019-08-12 11:07:51 +0000,	refs/remotes/origin/greenkeeper/webdriverio-5.11.14
 2019-08-10 10:26:21 +0000,	refs/remotes/origin/greenkeeper/i18next-17.0.11
 2019-08-09 11:09:24 +0000,	refs/remotes/origin/greenkeeper/i18next-17.0.10
 2019-08-08 17:23:39 +0000,	refs/remotes/origin/greenkeeper/husky-3.0.3
 2019-08-08 05:34:50 +0000,	refs/remotes/origin/greenkeeper/@types/node-12.7.1
 2019-08-07 08:02:43 +0000,	refs/remotes/origin/greenkeeper/@types/node-12.7.0
 2019-08-06 16:46:46 +0000,	refs/remotes/origin/greenkeeper/mochawesome-4.1.0
 2019-08-05 16:12:32 +0000,	refs/remotes/origin/greenkeeper/i18next-17.0.9
 2019-08-05 11:36:49 +0000,	refs/remotes/origin/greenkeeper/webdriverio-5.11.13
 2019-08-05 09:13:09 +0000,	refs/remotes/origin/greenkeeper/i18next-conv-9.1.0
 2019-08-01 19:56:44 +0000,	refs/remotes/origin/greenkeeper/@types/node-12.6.9
 2019-08-01 18:15:48 +0000,	refs/remotes/origin/greenkeeper/i18next-17.0.8
 2019-08-01 11:37:52 +0000,	refs/remotes/origin/greenkeeper/webdriverio-5.11.12
 2019-07-30 14:34:11 +0000,	refs/remotes/origin/greenkeeper/webdriverio-5.11.11
 2019-07-29 21:17:50 +0000,	refs/remotes/origin/greenkeeper/i18next-17.0.7
 2019-07-29 17:30:04 +0000,	refs/remotes/origin/greenkeeper/husky-3.0.2
 2019-07-28 22:47:49 +0000,	refs/remotes/origin/greenkeeper/codeceptjs-2.2.1
 2019-07-26 11:31:39 +0000,	refs/remotes/origin/greenkeeper/file-type-12.1.0
 2019-07-26 08:34:18 +0000,	refs/remotes/origin/greenkeeper/webdriverio-5.11.10
 2019-07-23 10:56:38 +0000,	refs/remotes/origin/greenkeeper/webdriverio-5.11.7
 2019-07-18 22:59:06 +0000,	refs/remotes/origin/greenkeeper/mocha-6.2.0
 2019-07-18 21:54:09 +0000,	refs/remotes/origin/greenkeeper/husky-3.0.1
 2019-07-17 19:24:35 +0000,	refs/remotes/origin/greenkeeper/@types/node-12.6.8
 2019-07-17 18:45:24 +0000,	refs/remotes/origin/greenkeeper/@types/node-12.6.7
 2019-07-17 14:42:58 +0000,	refs/remotes/origin/greenkeeper/webdriverio-5.11.6
 2019-07-17 00:29:09 +0000,	refs/remotes/origin/greenkeeper/@types/node-12.6.6
 2019-07-16 21:00:45 +0000,	refs/remotes/origin/greenkeeper/@types/node-12.6.4
 2019-07-15 17:02:37 +0000,	refs/remotes/origin/greenkeeper/@types/node-12.6.3
 2019-07-15 12:32:53 +0000,	refs/remotes/origin/greenkeeper/webdriverio-5.11.5
 2019-07-11 09:53:44 +0000,	refs/remotes/origin/greenkeeper/webdriverio-5.11.2
 2019-07-10 22:52:22 +0000,	refs/remotes/origin/greenkeeper/webdriverio-5.11.1
 2019-07-10 00:17:46 +0000,	refs/remotes/origin/greenkeeper/@types/node-12.6.2
 2019-07-09 09:58:40 +0000,	refs/remotes/origin/greenkeeper/webdriverio-5.11.0
 2019-07-08 23:21:21 +0000,	refs/remotes/origin/greenkeeper/@types/node-12.6.1
 2019-07-08 16:55:13 +0000,	refs/remotes/origin/greenkeeper/@types/node-12.6.0
 2019-07-07 10:35:04 +0000,	refs/remotes/origin/greenkeeper/codeceptjs-2.2.0
 2019-07-06 06:13:09 +0000,	refs/remotes/origin/greenkeeper/file-type-12.0.1
 2019-07-03 18:12:40 +0000,	refs/remotes/origin/greenkeeper/@types/node-12.0.12
 2019-07-03 16:59:59 +0000,	refs/remotes/origin/greenkeeper/@types/node-12.0.11
 2019-07-03 14:54:23 +0000,	refs/remotes/origin/greenkeeper/webdriverio-5.10.10
 2019-07-01 20:33:09 +0000,	refs/remotes/origin/greenkeeper/husky-3.0.0
 2019-07-01 17:33:39 +0000,	refs/remotes/origin/greenkeeper/i18next-17.0.5
 2019-06-27 16:31:25 +0000,	refs/remotes/origin/greenkeeper/husky-2.7.0
 2019-06-27 11:48:46 +0000,	refs/remotes/origin/greenkeeper/govuk_template_jinja-0.26.0
 2019-06-26 15:24:58 +0000,	refs/remotes/origin/greenkeeper/sonarqube-scanner-2.5.0
 2019-06-26 14:22:07 +0000,	refs/remotes/origin/greenkeeper/husky-2.6.0
 2019-06-25 19:29:58 +0000,	refs/remotes/origin/greenkeeper/webdriverio-5.10.9
 2019-06-25 10:59:26 +0000,	refs/remotes/origin/greenkeeper/webdriverio-5.10.8
 2019-06-24 14:09:23 +0000,	refs/remotes/origin/greenkeeper/codeceptjs-2.1.5
 2019-06-24 14:06:13 +0000,	refs/remotes/origin/greenkeeper/husky-2.5.0
 2019-06-21 22:28:51 +0000,	refs/remotes/origin/greenkeeper/@types/node-12.0.10
 2019-06-21 21:47:56 +0000,	refs/remotes/origin/greenkeeper/@types/node-12.0.9
 2019-06-19 06:19:30 +0000,	refs/remotes/origin/greenkeeper/i18next-17.0.4
 2019-06-18 11:44:16 +0000,	refs/remotes/origin/greenkeeper/webdriverio-5.10.7
 2019-06-17 15:04:21 +0000,	refs/remotes/origin/greenkeeper/webdriverio-5.10.5
 2019-06-15 13:37:49 +0000,	refs/remotes/origin/greenkeeper/mochawesome-4.0.1
 2019-06-12 17:56:27 +0000,	refs/remotes/origin/greenkeeper/file-type-12.0.0
 2019-06-12 04:38:48 +0000,	refs/remotes/origin/greenkeeper/webdriverio-5.10.4
 2019-06-11 23:23:04 +0000,	refs/remotes/origin/greenkeeper/husky-2.4.1
 2019-06-11 19:28:24 +0000,	refs/remotes/origin/greenkeeper/@types/node-12.0.8
 2019-06-09 18:45:37 +0000,	refs/remotes/origin/greenkeeper/webdriverio-5.10.1
 2019-06-07 07:29:34 +0000,	refs/remotes/origin/greenkeeper/i18next-17.0.3
 2019-06-07 00:33:47 +0000,	refs/remotes/origin/greenkeeper/@types/node-12.0.7
 2019-06-06 18:46:49 +0000,	refs/remotes/origin/greenkeeper/@types/node-12.0.6
 2019-06-06 06:39:43 +0000,	refs/remotes/origin/greenkeeper/webdriverio-5.10.0
 2019-06-06 06:25:19 +0000,	refs/remotes/origin/greenkeeper/i18next-17.0.2
 2019-06-05 22:22:51 +0000,	refs/remotes/origin/greenkeeper/@types/node-12.0.5
 2019-06-05 17:19:51 +0000,	refs/remotes/origin/greenkeeper/husky-2.4.0
 2019-06-05 00:32:32 +0000,	refs/remotes/origin/greenkeeper/codeceptjs-2.1.4
 2019-06-04 10:30:47 +0000,	refs/remotes/origin/greenkeeper/i18next-17.0.1
 2019-06-04 07:01:26 +0000,	refs/remotes/origin/greenkeeper/i18next-17.0.0
 2019-06-03 10:11:33 +0000,	refs/remotes/origin/greenkeeper/i18next-16.0.0
 2019-05-31 19:55:10 +0000,	refs/remotes/origin/greenkeeper/webdriverio-5.9.6
 2019-05-31 09:06:08 +0000,	refs/remotes/origin/greenkeeper/webdriverio-5.9.5
 2019-05-30 18:31:10 +0000,	refs/remotes/origin/greenkeeper/@types/node-12.0.4
 2019-05-28 19:41:27 +0000,	refs/remotes/origin/greenkeeper/@types/node-12.0.3
 2019-05-28 12:43:39 +0000,	refs/remotes/origin/greenkeeper/sonarqube-scanner-2.4.1
 2019-05-28 07:10:41 +0000,	refs/remotes/origin/greenkeeper/webdriverio-5.9.4
 2019-05-26 08:01:25 +0000,	refs/remotes/origin/greenkeeper/webdriverio-5.9.3
 2019-05-24 21:37:15 +0000,	refs/remotes/origin/greenkeeper/webdriverio-5.9.2
 2019-05-23 14:58:50 +0000,	refs/remotes/origin/greenkeeper/i18next-15.1.3
 2019-05-23 09:50:50 +0000,	refs/remotes/origin/greenkeeper/file-type-11.1.0
 2019-05-21 10:44:46 +0000,	refs/remotes/origin/greenkeeper/codeceptjs-2.1.3
 2019-05-21 05:58:06 +0000,	refs/remotes/origin/greenkeeper/webdriverio-5.9.1
 2019-05-20 15:13:39 +0000,	refs/remotes/origin/greenkeeper/i18next-15.1.2
 2019-05-20 14:03:48 +0000,	refs/remotes/origin/greenkeeper/webdriverio-5.9.0
 2019-05-19 13:18:52 +0000,	refs/remotes/origin/greenkeeper/webdriverio-5.8.6
 2019-05-17 07:35:54 +0000,	refs/remotes/origin/greenkeeper/webdriverio-5.8.5
 2019-05-14 22:55:30 +0000,	refs/remotes/origin/greenkeeper/webdriverio-5.8.4
 2019-05-14 22:29:08 +0000,	refs/remotes/origin/greenkeeper/@types/node-12.0.2
 2019-05-14 21:01:11 +0000,	refs/remotes/origin/greenkeeper/@types/nock-10.0.3
 2019-05-14 17:56:48 +0000,	refs/remotes/origin/greenkeeper/husky-2.3.0
 2019-05-14 10:13:33 +0000,	refs/remotes/origin/greenkeeper/i18next-15.1.1
 2019-05-13 22:53:49 +0000,	refs/remotes/origin/greenkeeper/codeceptjs-2.1.2
 2019-05-13 20:53:07 +0000,	refs/remotes/origin/greenkeeper/@types/node-12.0.1
 2019-05-10 02:54:27 +0000,	refs/remotes/origin/greenkeeper/nyc-14.1.1
 2019-05-08 19:03:25 +0000,	refs/remotes/origin/greenkeeper/@types/nock-10.0.2
 2019-05-07 09:05:14 +0000,	refs/remotes/origin/greenkeeper/webdriverio-5.8.3
 2019-05-06 18:07:48 +0000,	refs/remotes/origin/greenkeeper/gulp-4.0.2
 2019-05-06 16:52:16 +0000,	refs/remotes/origin/greenkeeper/webdriverio-5.8.2
 2019-05-04 15:37:33 +0000,	refs/remotes/origin/greenkeeper/codeceptjs-2.1.1
 2019-05-04 10:34:16 +0000,	refs/remotes/origin/greenkeeper/file-type-11.0.0
 2019-05-03 22:02:19 +0000,	refs/remotes/origin/greenkeeper/@types/node-12.0.0
 2019-05-02 13:30:28 +0000,	refs/remotes/origin/greenkeeper/nyc-14.1.0
 2019-05-02 04:33:43 +0000,	refs/remotes/origin/greenkeeper/husky-2.2.0
 2019-05-01 20:04:04 +0000,	refs/remotes/origin/greenkeeper/webdriverio-5.8.1
 2019-04-30 14:34:37 +0000,	refs/remotes/origin/greenkeeper/webdriverio-5.8.0
 2019-04-29 05:59:42 +0000,	refs/remotes/origin/greenkeeper/@types/nock-10.0.1
 2019-04-25 09:11:35 +0000,	refs/remotes/origin/greenkeeper/i18next-15.0.10
 2019-04-24 22:13:38 +0000,	refs/remotes/origin/greenkeeper/husky-2.1.0
 2019-04-24 12:02:54 +0000,	refs/remotes/origin/greenkeeper/@types/request-promise-native-pin-1.0.15
 2019-04-24 11:21:08 +0000,	refs/remotes/origin/greenkeeper/@types/request-promise-native-1.0.16
 2019-04-21 17:39:30 +0000,	refs/remotes/origin/greenkeeper/gulp-4.0.1
 2019-04-19 13:57:17 +0000,	refs/remotes/origin/greenkeeper/webdriverio-5.7.15
 2019-04-18 19:19:07 +0000,	refs/remotes/origin/greenkeeper/mocha-6.1.4
 2019-04-17 23:19:11 +0000,	refs/remotes/origin/greenkeeper/codeceptjs-2.1.0
 2019-04-16 20:26:40 +0000,	refs/remotes/origin/greenkeeper/webdriverio-5.7.14
 2019-04-16 10:36:14 +0000,	refs/remotes/origin/greenkeeper/nyc-14.0.0
 2019-04-12 13:14:51 +0000,	refs/remotes/origin/greenkeeper/webdriverio-5.7.13
 2019-04-12 00:52:57 +0000,	refs/remotes/origin/greenkeeper/mocha-6.1.3
 2019-04-10 08:26:18 +0000,	refs/remotes/origin/greenkeeper/webdriverio-5.7.12
 2019-04-08 19:23:40 +0000,	refs/remotes/origin/greenkeeper/mocha-6.1.2
 2019-04-07 23:26:23 +0000,	refs/remotes/origin/greenkeeper/mocha-6.1.1
 2019-04-07 16:23:19 +0000,	refs/remotes/origin/greenkeeper/mocha-6.1.0
 2019-04-04 13:53:59 +0000,	refs/remotes/origin/greenkeeper/webdriverio-5.7.9
 2019-04-03 06:49:17 +0000,	refs/remotes/origin/greenkeeper/i18next-15.0.9
 2019-03-31 18:54:01 +0000,	refs/remotes/origin/greenkeeper/read-chunk-3.2.0
 2019-03-29 23:45:20 +0000,	refs/remotes/origin/greenkeeper/webdriverio-5.7.8
 2019-03-29 20:09:15 +0000,	refs/remotes/origin/greenkeeper/@hmcts/cmc-validators-0.2.3
 2019-03-27 11:26:10 +0000,	refs/remotes/origin/greenkeeper/i18next-15.0.8
 2019-03-25 17:32:10 +0000,	refs/remotes/origin/greenkeeper/webdriverio-5.7.6
 2019-03-21 14:27:02 +0000,	refs/remotes/origin/greenkeeper/@hmcts/cmc-common-frontend-1.56.0
 2019-03-20 17:27:04 +0000,	refs/remotes/origin/greenkeeper/webdriverio-5.7.5
 2019-03-20 00:28:23 +0000,	refs/remotes/origin/greenkeeper/codeceptjs-2.0.8
 2019-03-19 09:03:36 +0000,	refs/remotes/origin/greenkeeper/webdriverio-5.7.4
 2019-03-17 21:44:50 +0000,	refs/remotes/origin/greenkeeper/webdriverio-5.7.3
 2019-03-15 13:18:56 +0000,	refs/remotes/origin/greenkeeper/supertest-4.0.2
 2019-03-15 13:02:59 +0000,	refs/remotes/origin/greenkeeper/supertest-4.0.1
 2019-03-14 07:59:26 +0000,	refs/remotes/origin/greenkeeper/i18next-15.0.7
 2019-03-10 18:55:56 +0000,	refs/remotes/origin/greenkeeper/webdriverio-5.7.2
 2019-03-07 09:30:09 +0000,	refs/remotes/origin/greenkeeper/webdriverio-5.7.1
 2019-03-06 08:58:41 +0000,	refs/remotes/origin/greenkeeper/i18next-15.0.6
 2019-03-06 05:39:40 +0000,	refs/remotes/origin/greenkeeper/read-chunk-3.1.0
 2019-03-05 17:38:36 +0000,	refs/remotes/origin/greenkeeper/nunjucks-3.2.0
 2019-03-05 11:25:11 +0000,	refs/remotes/origin/greenkeeper/webdriverio-5.7.0
 2019-03-05 09:14:15 +0000,	refs/remotes/origin/greenkeeper/codeceptjs-2.0.7
 2019-03-04 12:38:25 +0000,	refs/remotes/origin/greenkeeper/webdriverio-5.6.6
 2019-03-04 09:10:31 +0000,	refs/remotes/origin/greenkeeper/webdriverio-5.6.5
 2019-03-03 14:32:55 +0000,	refs/remotes/origin/greenkeeper/i18next-15.0.5
 2019-02-28 17:07:41 +0000,	refs/remotes/origin/greenkeeper/webdriverio-5.6.4
 2019-02-27 13:22:55 +0000,	refs/remotes/origin/greenkeeper/webdriverio-5.6.3
 2019-02-25 19:44:59 +0000,	refs/remotes/origin/greenkeeper/mocha-6.0.2
 2019-02-25 01:33:37 +0000,	refs/remotes/origin/greenkeeper/codeceptjs-2.0.6
 2019-02-25 01:03:32 +0000,	refs/remotes/origin/greenkeeper/codeceptjs-2.0.5
 2019-02-23 14:44:27 +0000,	refs/remotes/origin/greenkeeper/sonarqube-scanner-2.4.0
 2019-02-22 20:42:40 +0000,	refs/remotes/origin/greenkeeper/webdriverio-5.6.2
 2019-02-22 15:49:48 +0000,	refs/remotes/origin/greenkeeper/webdriverio-5.6.1
 2019-02-21 23:30:20 +0000,	refs/remotes/origin/greenkeeper/mocha-6.0.1
 2019-02-21 10:40:29 +0000,	refs/remotes/origin/greenkeeper/webdriverio-5.6.0
 2019-02-21 09:15:03 +0000,	refs/remotes/origin/greenkeeper/@hmcts/cmc-common-frontend-1.55.0
 2019-02-20 17:29:04 +0000,	refs/remotes/origin/greenkeeper/webdriverio-5.5.0
 2019-02-20 15:54:39 +0000,	refs/remotes/origin/greenkeeper/webdriverio-5.4.20
 2019-02-19 10:14:34 +0000,	refs/remotes/origin/greenkeeper/sonarqube-scanner-2.3.0
 2019-02-19 10:04:38 +0000,	refs/remotes/origin/greenkeeper/webdriverio-5.4.19
 2019-02-18 20:33:05 +0000,	refs/remotes/origin/greenkeeper/webdriverio-5.4.18
 2019-02-15 00:23:59 +0000,	refs/remotes/origin/greenkeeper/nyc-13.3.0
 2019-02-14 08:19:47 +0000,	refs/remotes/origin/greenkeeper/i18next-15.0.4
 2019-02-13 13:09:25 +0000,	refs/remotes/origin/greenkeeper/i18next-15.0.3
 2019-02-12 13:12:03 +0000,	refs/remotes/origin/greenkeeper/sonarqube-scanner-2.2.0
 2019-02-11 13:44:57 +0000,	refs/remotes/origin/greenkeeper/i18next-15.0.2
 2019-02-11 09:14:12 +0000,	refs/remotes/origin/greenkeeper/@hmcts/cmc-validators-0.2.2
 2019-02-10 16:02:23 +0000,	refs/remotes/origin/greenkeeper/i18next-15.0.1
 2019-02-09 21:43:21 +0000,	refs/remotes/origin/greenkeeper/i18next-15.0.0
 2019-02-08 09:36:15 +0000,	refs/remotes/origin/greenkeeper/webdriverio-5.4.17
 2019-02-07 11:18:37 +0000,	refs/remotes/origin/greenkeeper/i18next-14.1.1
 2019-02-07 11:09:45 +0000,	refs/remotes/origin/greenkeeper/i18next-14.1.0
 2019-02-06 19:42:13 +0000,	refs/remotes/origin/greenkeeper/webdriverio-5.4.15
 2019-02-05 17:29:10 +0000,	refs/remotes/origin/greenkeeper/webdriverio-5.4.14
 2019-01-18 13:11:55 +0000,	refs/remotes/origin/greenkeeper/webdriverio-5.3.5
 2019-01-18 10:59:20 +0000,	refs/remotes/origin/greenkeeper/webdriverio-5.3.4
 2019-01-18 08:59:11 +0000,	refs/remotes/origin/greenkeeper/@hmcts/cmc-common-frontend-1.54.0
 2019-01-17 18:01:35 +0000,	refs/remotes/origin/greenkeeper/i18next-13.1.4
 2019-01-17 16:47:49 +0000,	refs/remotes/origin/greenkeeper/i18next-13.1.3
 2019-01-16 12:45:25 +0000,	refs/remotes/origin/greenkeeper/supertest-3.4.1
 2019-01-16 08:58:23 +0000,	refs/remotes/origin/greenkeeper/supertest-pin-3.3.0
 2019-01-16 08:50:21 +0000,	refs/remotes/origin/greenkeeper/supertest-3.4.0
 2019-01-16 00:47:00 +0000,	refs/remotes/origin/greenkeeper/webdriverio-5.3.3
 2019-01-15 12:11:45 +0000,	refs/remotes/origin/greenkeeper/webdriverio-5.3.2
 2019-01-15 11:30:29 +0000,	refs/remotes/origin/greenkeeper/webdriverio-5.3.1
 2019-01-12 18:46:02 +0000,	refs/remotes/origin/greenkeeper/nunjucks-3.1.7
 2019-01-12 12:57:05 +0000,	refs/remotes/origin/greenkeeper/i18next-13.1.2
 2019-01-11 10:04:54 +0000,	refs/remotes/origin/greenkeeper/webdriverio-5.3.0
 2019-01-10 23:00:24 +0000,	refs/remotes/origin/greenkeeper/codeceptjs-2.0.3
 2019-01-10 00:24:53 +0000,	refs/remotes/origin/greenkeeper/webdriverio-5.2.8
 2019-01-09 13:27:45 +0000,	refs/remotes/origin/greenkeeper/webdriverio-5.2.7
 2019-01-09 10:17:08 +0000,	refs/remotes/origin/greenkeeper/i18next-13.1.1
 2019-01-08 15:26:17 +0000,	refs/remotes/origin/greenkeeper/webdriverio-5.2.6
 2019-01-07 20:20:45 +0000,	refs/remotes/origin/greenkeeper/webdriverio-5.2.5
 2019-01-07 16:14:48 +0000,	refs/remotes/origin/greenkeeper/@hmcts/cmc-common-frontend-1.53.1
 2019-01-07 10:32:58 +0000,	refs/remotes/origin/greenkeeper/webdriverio-5.2.4
 2019-01-06 06:28:13 +0000,	refs/remotes/origin/greenkeeper/webdriverio-5.2.2
 2019-01-03 10:33:10 +0000,	refs/remotes/origin/greenkeeper/webdriverio-5.2.0
 2018-12-31 15:47:15 +0000,	refs/remotes/origin/greenkeeper/i18next-13.1.0
 2018-12-30 11:14:55 +0000,	refs/remotes/origin/greenkeeper/webdriverio-5.1.1
 2018-12-28 21:45:39 +0000,	refs/remotes/origin/greenkeeper/codeceptjs-2.0.1
 2018-12-28 16:43:20 +0000,	refs/remotes/origin/greenkeeper/webdriverio-5.1.0
 2018-12-25 09:40:55 +0000,	refs/remotes/origin/greenkeeper/i18next-13.0.1
 2018-12-23 23:50:48 +0000,	refs/remotes/origin/greenkeeper/webdriverio-5.0.3
 2018-12-21 12:00:29 +0000,	refs/remotes/origin/greenkeeper/@hmcts/cmc-common-frontend-1.53.0
 2018-12-14 00:12:08 +0000,	refs/remotes/origin/greenkeeper/nunjucks-3.1.6
 2018-12-13 20:46:21 +0000,	refs/remotes/origin/greenkeeper/nunjucks-3.1.5
 2018-12-13 17:08:58 +0000,	refs/remotes/origin/greenkeeper/@hmcts/cmc-common-frontend-1.52.0
 2018-11-09 16:26:39 +0000,	refs/remotes/origin/greenkeeper/@hmcts/cmc-common-frontend-pin-1.51.1
 2018-11-09 16:02:49 +0000,	refs/remotes/origin/greenkeeper/@hmcts/cmc-common-frontend-1.51.2
 2018-11-09 05:18:18 +0000,	refs/remotes/origin/greenkeeper/nunjucks-pin-3.1.3
 2018-11-09 05:16:59 +0000,	refs/remotes/origin/greenkeeper/nunjucks-3.1.4
 2018-09-11 02:16:29 +0000,	refs/remotes/origin/greenkeeper/tsconfig-paths-3.6.0
 2018-08-06 16:45:19 +0100,	refs/remotes/origin/feature/ROC-3692-cmc-shutter-page
 2018-06-22 10:41:19 +0100,	refs/remotes/origin/sidam
 2018-05-30 08:49:54 +0100,	refs/remotes/origin/feature/ROC-3617-sidam
 2018-05-06 14:09:30 +0000,	refs/remotes/origin/greenkeeper/ts-node-6.0.3
 2018-04-27 12:05:26 +0000,	refs/remotes/origin/greenkeeper/update-to-node-10
 2018-03-13 14:52:59 +0000,	refs/remotes/origin/bug/ROC-3319-payment-taken-multiple-times
 2018-01-12 16:25:34 +0000,	refs/remotes/origin/feature/ROC-2683-remove-claimant-type
 2018-01-12 16:22:43 +0000,	refs/remotes/origin/feature/ROC-2748-how-did-you-serve
 2017-12-01 16:44:40 +0000,	refs/remotes/origin/snyk-fix-e0308eae
 2017-10-27 08:43:56 +0100,	refs/remotes/origin/snyk-fix-fc0490b0
